Abel,Adam,Adrian,Albert,Alfred,Allan,Allen,Andre,Andy,Angel,Anthony,Antonio,Arthur,Aubrey,Austin,Barry,Benjamin,Bert,Bill,Blake,Bob,Boyd,Bradley,Brendan,Brett,Bryan,Carlos,Carlton,Cecil,Chad,Charlie,Chester,Claude,Clay,Clifford,Clint,Clinton,Clyde,Corey,Dan,Dana,Daniel,Darren,Daryl,Dave,David,Derrick,Dominic,Dominick,Don,Donald,Donnie,Dustin,Earnest,Edgar,Elbert,Elmer,Emanuel,Eric,Erik,Ernesto,Ervin,Eugene,Felipe,Fernando,Floyd,Fred,Garrett,Gerard,Gilberto,Glen,Gordon,Grady,Harvey,Homer,Ignacio,Irvin,Isaac,Israel,Ivan,Jack,Jamie,Javier,Jeff,Jeffrey,Jermaine,Jesse,Jesus,Jimmie,Joel,Joey,Johnny,Jonathan,Josh,Julius,Kelly,Ken,Kevin,Kim,Kirk,Kristopher,Kurt,Lance,Laurence,Lawrence,Leo,Leslie,Levi,Lionel,Loren,Luther,Lynn,Malcolm,Manuel,Marcus,Mario,Marion,Mark,Marshall,Martin,Marvin,Miguel,Mike,Milton,Moses,Myron,Nathaniel,Neal,Neil,Nelson,Nicolas,Noah,Noel,Otis,Percy,Phillip,Rafael,Ralph,Randall,Rene,Rex,Richard,Ricky,Rodney,Roland,Roy,Ruben,Rufus,Salvador,Salvatore,Saul,Sean,Sergio,Shannon,Shaun,Stanley,Sylvester,Terence,Theodore,Tommie,Tony,Tracy,Travis,Troy,Vernon,Virgil,Wayne,Wilbert,Wilbur,Wilfred,Willard,William,Willie,Winston,Woodrow,Zachary