Micha,Harriso,Jami,Darrag,Robbi,Olli,Jaco,Anton,Éann,Donnach,Etha,Séa,Oadhá,Sea,Mil,Edwar,Ruadhá,Rile,Kaide,Georg,Robi,Brenda,Za,Christia,Marce,Case,Charli,The,Iarl,Alfi,Cillia,Pádrai,Nichola,Charle,Loui,Cod,Arthu,Col,Pete,Nial,Cale,Ciará,Sa,Oisí,Scot,Bobb,Tiarná,Ala,Donag,Tierna,Coope,Gerar,Ada,Fili,Darre,Pau,Victo,Diarmui,Sha,Camero,Kevi,Cuá,Theodor,Le,Luka,Aleksande,Josep,Core,Joe,Joh,Rober,Jorda,Jaxo,Seá,Lorca,Jos,Ror,Patric,Wil,Ruair,Rowa,Elija,El,Tomá,Kayde,Harve,Carso,Richar,Domini,Aida,Luc,Luca,Johnn,Ría,Catha,Jak,Rona,Tedd,Tadh,Leo,Tadg,Lev,Zac
Tes,Teaga,Carag,Harpe,Ayd,Elis,Ameli,Eliz,Rebecc,Emili,Jaku,Juliett,Lilian,Maso,Mai,Maj,Gabriel,Bell,Zuzann,Maev,Robi,Evely,May,Siú,Willo,Osca,Holli,Am,Iv,Roby,Sadi,Rosi,Abbi,Clar,Rub,Esm,Alanna,Niam,Sash,Fiad,Cor,Aislin,Bet,Róisí,Darci,Eleano,Coope,Elsi,Graci,Tar,Sadhb,Aoibhin,Aoibhí,Aoibhín,Molli,Tess,Austi,Éabh,Áin,Emm,Elli,Indi,Caoimh,Phoeb,Arian,Ailbh,Penn,Isabell,Car,Mega,Nicol,Alic,Caitli,Clodag,Bridge,Orl,Bonni,Paig,Summe,Auror,Harve,Victori,Ev,Alexandr,Laur,Heid,Stephe,Luca,Fi,Róis,Lun,Willia,Fíad,Ria,Jad,Kathlee,Zofi,Len,Jan,Aoib,Pipp,Fay
Kinnerk,O'Boyle,Grehan,O'Friel,O'Mooney,MacGowan,MacDarcy,Mannion,Kerrane,Dalton,O'Keeffe,Henly,O'Ferrell,Hanneen,MacGilfoyle,MacHenry,MacHugh,O'Larcan,Lane,MacEvenny,Dunphy,Allen,Grannell,MacKenna,Neenan,Neylan,MacGilloway,Pender,O'Lowry,O'Dugan,Woulfe,Harrington,Jennings,Keane,O'Scully,O'Kieran,O'Sheridan,O'Hogan,Monkes,MacHale,MacCoghlan,Jordan,O'Dorcey,Reynolds,Rearden,Tully,O'Moran,O'Kennedy,O'Kane,Laverty,O'Leary,Morrison,Miley,Maher,MacCartan,O'Finn,Melville,Nerney,MacGeoghagan,Gerty,O'Boylan,Keevan,Canny,Magian,Ward,Kilmartin,Keaty,Henchy,Geary,O'Gallagher,O'Lyne,Brennan,Haren,MacBrady,Keating,O'Farrell,Gilroy,Gilmore,O'Murphy,MacKeon,Quaid,MacBride,MacManus,O'Griffy,O'Devine,Henry,MacGrath,Kindellan,Forde,Hynes,Gibbons,MacQuilly,O'Mulrian,MacSheehy,Kavanagh,Falloone,MacGilroy,Leavy,O'Halloran,O'Donnellan,MacMurry,Kilpatrick,O'Donnelly,O'Dunn,O'Lynn,Sheahan,Kinsella,Murry,O'Moriarty,O'Healy,O'Nunan,Dowey,O'Dwyer,MacMahon,O'Hickey,O'Phelan,Queally,Troy,O'Doherty,MacBreen,Farley,O'Rafferty,Holian,Barrett,Phelan,O'Downey,Rogers,Dorrian,O'Reilly,O'Lonergan,MacRory,Kerrisk,Cormick,MacQuillan,Joyce,MacTiernan,O'Donnell,Butler,Magauran,O'Shannon,MacSweeney,O'Gorman,O'Dowd,Mulligan,Hanvey,MacGee,Keegan,MacMurrough,Scullion,Lavery,O'Gara,O'Nolan,MacAuliffe,McRoric,Rochfort,O'Colman,Dillon,Quinn,Coghlan,MacNamara,McElroy,Morrin,MacCarthy,O'Lenaghan,Quinlevan,O'Malone,O'Monahan,O'Hanlon,Kilroy,O'Rourke,O'Galvin,O'Sheehan,Hough,O'Rooney,MacDowell,Horan,Lawlor,MacNulty,O'Hanly,O'Hanrahan,Broderick,Dinan,MacGuire,Powell,O'Cannon,O'Hurley,Donohoe,O'Davoren,O'Hart,McEvoy,Murrily,Dunleavy,O'Dargan,O'Breen,O'Dowling,O'Shiel,O'Hartigan,Whelan,O'Dolan,O'Dooley,Callaghan,Holland,O'Farrelly,Manning,O'Garvey